,Song,Artist
0,"Monday, monday",The Mamas & The Papas
1,Un sorbito de champagne,Los Brincos
2,Girl,The Beatles
3,Paint it black,The Rolling Stones
4,Strangers in the night,Frank Sinatra
5,To make a big man cry,Tom Jones
6,Black is black,Los Bravos
7,Lady Pepa,Los Pekenikes
8,La resa dei conti (La caccia),"Morricone, Ennio"
9,Como ayer,Bruno Lomas
10,River deep - Mountain high,Ike & Tina Turner
11,With a girl like you,The Troggs
12,Sitting and thinking,The Spencer Davis Group
13,"Hi-lili, hi-lo",Alan Price
14,La moto,Los Bravos
15,Reach out I'll be there,The Four Tops
16,Land of 1000 dances,Wilson Pickett
17,Winchester Cathedral,The New Vaudeville Band
18,Winchester Cathedral,The New Vaudeville Band
19,Good vibrations,The Beach Boys
20,Hablemos del amor,Raphael
21,Marionetas en la cuerda (Puppet on a string),Sandie Shaw
22,Nada,Juan y Junior
23,Inch'allah,Adamo
24,Lola,Los Brincos
25,A whiter shade of pale,Procol Harum
26,All you need is love,The Beatles
27,San Francisco (Be sure to wear flowers in your hair),Scott McKenzie
28,Los chicos con las chicas,Los Bravos
29,"Aranjuez, mon amour",Richard Anthony
30,Cállate niña,Pic-Nic
31,"Aranjuez, mon amour",Richard Anthony
32,Soul finger,The Bar-Kays
33,Pata Pata,Miriam Makeba
34,I'm coming home,Tom Jones
35,"La, la, la",Massiel
36,Congratulations (Spanish version),Cliff Richard
37,Delilah,Tom Jones
38,Get on your knees,Canarios
39,"Oh Lord, why Lord",Pop Tops
40,Those were the days,Mary Hopkin
41,Hey Jude,The Beatles
42,Those were the days,Mary Hopkin
43,Hey Jude,The Beatles
44,Eloise,Barry Ryan
45,Las flechas del amor,Karina
46,Vivo cantando,Salomé
47,Casatschok,Georgie Dann
48,Cuéntame,Fórmula V
49,Maman,Jean-Jacques
50,Get back,The Beatles
51,María Isabel,Los Payos
52,I'm going home,Ten Years After
53,The ballad of John and Yoko,The Beatles
54,In the ghetto,Elvis Presley
55,La charanga,Juan Pardo
56,In the year 2525,Zager & Evans
57,"Sugar, sugar",The Archies
58,El abuelo Vítor,Víctor Manuel
59,Venus,Shocking Blue
60,Gwendolyne,Julio Iglesias
61,Un rayo de sol,Los Diablos
62,Corpiño xeitoso,Andrés do Barro
63,El condor pasa (If I could),Simon and Garfunkel
64,Yellow river,Christie
65,Naveriña do mar,María Ostiz
66,Quiero abrazarte tanto,Víctor Manuel
67,"Te quiero, te quiero",Nino Bravo
68,"Te quiero, te quiero",Nino Bravo
69,Candida,Dawn
70,My sweet lord,George Harrison
71,Qué será (Che sara'),Jose Feliciano
72,Theme from Love story,Francis Lai
73,Baby jump,Mungo Jerry
74,En mis sueños,Blume
75,Borriquito,Peret
76,Sing sing Barbara,Laurent & The Mardi Grass
77,Brown sugar,The Rolling Stones
78,Yo confieso,Mari Trini
79,Historia de amor (Love story),Astrud Gilberto
80,Carmen,Trébol
81,"Help, ayúdame",Tony Ronald
82,Mammy blue,Joel Dayde
83,Get it on,T. Rex
84,Maggie May,Rod Stewart
85,Pandeirada,Andrés do Barro
86,Manda Christmas,Los Diablos
87,Manda Christmas,Los Diablos
88,El chico de la armónica,Micky
89,The witch queen of New Orleans,Redbone
90,The mouth organ boy,Micky
91,"Hello, Buddy",The Tremeloes
92,El refugio,Miguel Ríos
93,Soley soley,Middle of the Road
94,Yo no soy esa,Mari Trini
95,Un beso y una flor,Nino Bravo
96,I love you baby,Tony Ronald
97,Ve con él,Basilio
98,"Oh, oh, July",Los Diablos
99,Adiós tristezas,Micky
100,Mátame,Arena Caliente
101,Por el amor de una mujer,Julio Iglesias
102,Tiempo feliz (Splendit times),Marisol
103,Take me bak 'ome,Slade
104,Cantares,Miguel Ríos
105,"Amor, háblame dulcemente (Tema de amor de ""El Padrino"")",Andy Williams
106,Woman to woman,Joe Cocker
107,Por si tú quieres saber,Jairo
108,Amor amar,Camilo Sesto
109,Pardon me sir,Joe Cocker
110,Charly,Santabárbara
111,Forever and ever,Demis Roussos
112,Get down,Gilbert O'Sullivan
113,Eva María,Fórmula V
114,Todo por nada,Camilo Sesto
115,"América, América",Nino Bravo
116,La estrella de David,Juan Bau
117,La estrella de David,Juan Bau
118,48 Crash,Suzi Quatro
119,"Una, dos y tres",Patxi Andión
120,Photograph,Ringo Starr
121,La distancia,Roberto Carlos
122,Ballroom blitz,Sweet
123,Devil gate drive,Suzi Quatro
124,"Someday, somewhere",Demis Roussos
125,Ayudadme,Camilo Sesto
126,Tómame o déjame,Mocedades
127,Tomame o dejame,Mocedades
128,Conversaciones conmigo mismo,Juan Pardo
129,Todo el tiempo del mundo,Manolo Otero
130,Actitudes,Roberto Carlos
131,Actitudes,Roberto Carlos
132,Hi-Jack,Barrabás
133,Neniña,Pepe Domingo Castaño
134,Quédate,Miguel Gallardo
135,I can help,Billy Swan
136,"You're the first, the last, my everything",Barry White
137,El Bimbo,Georgie Dann
138,Ven otra vez,Toni Artis
139,Caballo negro,Manolo Sanlúcar
140,Y te vas,José Luis Perales
141,Melina,Camilo Sesto
142,Una paloma blanca,George Baker Selection
143,"Saca el güisky, Cheli",Desmadre 75
144,Feelings (Spanish version),Morris Albert
145,El solitario,Nubes Grises
146,The hustle,Van McCoy & The Soul City Symphony
147,One of these nights,The Eagles
148,Secretaria,Mocedades
149,"Amor, amor",Lolita
150,"Vete, vete",Daniel Velázquez
151,Que no soy yo,Joan Baptista Humet
152,Hoy tengo ganas de tí,Miguel Gallardo
153,Natacha y yo,Juan Bau
154,Jamás,Camilo Sesto
155,Quisiera decir tu nombre,José Luis Perales
156,Sabato pomeriggio,Claudio Baglioni
157,Disco stomp,Hamilton Bohannon
158,Propuesta,Roberto Carlos
159,Júrame,Juan Camacho
160,Si no te amase,Junior
161,Esa eres tu,Danny Daniel
162,Adiós,Tony Landa
163,Echame a mí la culpa,Albert Hammond
164,Getsemaní,Camilo Sesto
165,"Háblame del mar, marinero",Marisol
166,El sur,Los Puntos
167,¿Quién compra una canción?,Sergio y Estibaliz
168,Europa (Earth's cry heaven's smile),Santana
169,Solo tú,Camilo Sesto
170,Tú y yo,Cecilia
171,Si tu fueras mi mujer,Lorenzo Santamaría
172,O tú ó nada,Pablo Abraira
173,Fantasía,Juan Bau
174,Nada va a cambiar el mundo,Los Ángeles
175,"No, no hay nadie más",Ángela Carrasco
176,Dónde están tus ojos negros,Santabárbara
177,De amor ya no se muere,Gianni Bella
178,Don't go breaking my heart,Elton John
179,Libertad sin ira,Jarcha
180,Libertad sin ira,Jarcha
181,Terciopelo,Joan Baptista Humet
182,Memorias,Camilo Sesto
183,Otro ocupa mi lugar,Miguel Gallardo
184,If you leave me now,Chicago
185,Y te amaré,Ana y Johnny
186,Ella,Luis Fierro
187,Si...,José Luis Perales
188,Gavilán o paloma,Pablo Abraira
189,Solo era un niño,Mocedades
190,Linda,Miguel Bosé
191,Morir al lado de mi amor,Demis Roussos
192,Eres toda una mujer,Albert Hammond
193,Mi buen amor,Camilo Sesto
194,Te quiero con locura,Mari Trini
195,Desnúdate,Miguel Gallardo
196,Cisne cuello negro,Basilio
197,Rockollection (Part 1),Laurent Voulzy
198,Credo (De la Misa campesina nicaragüense),Elsa Baeza
199,Give a little bit,Supertramp
200,Bellísimo,Gonzalo
201,Bellísimo,Gonzalo
202,Terminado,Albert Hammond
203,Si me amaras,Albert Hammond
204,Llamarada,Lorenzo Santamaría
205,Y no,Camilo Sesto
206,Abrázame y quiéreme,Paolo Salvatore
207,Niña,Sandro Giacobbe
208,Amor mío ¿cómo estás?,Miguel Bosé
209,Stayin' alive,Bee Gees
210,Cara de gitana,Daniel Magal
211,Necesito un trago,Tequila
212,Fue tan poco tu cariño,El Mariachi de América
213,Gorrión,Miguel Gallardo
214,El boxeador,Laredo
215,Solo tú (Spanish version),Matia Bazar
216,Anna,Miguel Bosé
217,Night fever,Bee Gees
218,Rivers of Babylon,Boney M.
219,¿Quién te cantará?,Mocedades
220,Esperanzas,Los Pecos
221,Espinita,Albert Hammond
222,Got a feeling,Patrick Juvet
223,FM (No static at all),Steely Dan
224,You're the one that I want,John Travolta
225,Tu,Umberto Tozzi
226,Rasputin,Boney M.
227,Terciopelo y fuego,Falcons
228,Terciopelo y fuego,Falcons
229,It's downtown,New Trolls
230,One chain (Don't make no prison),Santana
231,Acordes,Los Pecos
232,Sgt. Pepper's lonely hearts club band,The Beatles
233,Y.M.C.A.,Village People
234,El amor de mi vida,Camilo Sesto
235,Da ya think I'm sexy?,Rod Stewart
236,Too much heaven,Bee Gees
237,Una historia,Triana
238,Tragedy,Bee Gees
239,Chiquitita (Spanish version),ABBA
240,Born to be alive,Patrick Hernandez
241,Quién será,Camilo Sesto
242,Súper Supermán,Miguel Bosé
243,Gloria,Umberto Tozzi
244,Soy un corazón tendido al sol,Víctor Manuel
245,El amor,José Luis Perales
246,No lastimes más,Rocío Dúrcal
247,Lady writer,Dire Straits
248,Agapimú,Ana Belén
249,Me vuelvo loco,Tequila
250,Me vuelvo loco,Tequila
251,Sin amor,Iván
252,Man gave name to all the animals,Bob Dylan
253,La culpa ha sido mía,Camilo Sesto
254,Háblame de ti,Los Pecos
255,Como yo te amo,Rocío Jurado
256,Bailad,Red de San Luis
257,¿Quién puso más?,Víctor Manuel
258,Memorize your number,Leif Garrett
259,Aire,Pedro Marín
260,Desde mi libertad,Ana Belén
261,Desire,Andy Gibb
262,Morir de amor,Miguel Bosé
263,Tu frialdad,Triana
264,Ven,Paolo Salvatore
265,Hey,Julio Iglesias
266,Santa Lucía,Miguel Ríos
267,Dime que me quieres,Tequila
268,Can't stop the music,Village People
269,Te amaré,Miguel Bosé
270,Shandi,Kiss
271,Emotional rescue,The Rolling Stones
272,My turn to love you,Eddy Grant
273,Xanadu,Olivia Newton-John
274,Lloras,Don McLean
275,Woman in love,Barbra Streisand
276,Perdóname,Camilo Sesto
277,Don't stand so close to me,The Police
278,Querer y perder,Dyango
279,(Just like) Starting over,John Lennon
280,Qué será,Ana Belén
281,Señor,Los Pecos
282,Lady,Kenny Rogers
283,Another one bites the dust,Queen
284,No llores por mí Argentina,Paloma San Basilio
285,Johnny & Mary,Robert Palmer
286,Las chicas son guerreras,Coz
287,No me hables,Juan Pardo
288,Everybody's gotta learn sometime,The Korgis
289,Todo se derrumbó dentro de mí,Emmanuel
290,Te quiero tanto,Iván
291,The best of times,Styx
292,Te quiero,José Luis Perales
293,Amar es algo más,"José Luís Rodríguez ""El Puma"""
294,Rapture,Blondie
295,I surrender,Rainbow
296,Caperucita feroz,Orquesta Mondragón
297,Something 'bout you baby I like,Status Quo
298,Looking for clues,Robert Palmer
299,Stars on 45,Stars on 45
300,Jugando a vivir,Miguel Ríos
301,Una noche de amor desesperada,Triana
302,De niña a mujer,Julio Iglesias
303,Hands up,Ottawan
304,No hago otra cosa que pensar en ti,Joan Manuel Serrat
305,Bette Davis eyes,Kim Carnes
306,Pavo real,"José Luís Rodríguez ""El Puma"""
307,Ma quale idea,Pino D'Angiò
308,"Tú, solo tú",Bertín Osborne
309,El baile de los pajaritos,María Jesús y Su Acordeón
310,Start me up,The Rolling Stones
311,Hold on tight,Electric Light Orchestra (E.L.O.)
312,Salta!!,Tequila
313,Márchate ya,Miguel Bosé
314,Amor no me ignores,Camilo Sesto
315,Juntos,Paloma San Basilio
316,Champú de huevo,Tino Casal
317,No puedo enamorarme de tí,Antonio Flores
318,Va a estallar el obus,Obús
319,We kill the world (Don't kill the world),Boney M.
320,Latino,Francisco
321,Tonight I'm yours (Don't hurt me),Rod Stewart
322,Si la vieras con mis ojos,Dyango
323,Que no lastimen a tu corazón,Los Pecos
324,(Out here) On my own,Nikka Costa
325,Souvenir,Orchestral Manoeuvres in the Dark (O.M.D.)
326,Como una ola,Rocío Jurado
327,Frente al amor,María Jiménez
328,Some folks (Come bring your love to me),Street Boys
329,One of us,ABBA
330,La ladrona,Paolo Salvatore
331,Los rockeros van al infierno,Barón Rojo
332,A la porra la sartén,Carmín
333,Bésame tonta,Orquesta Mondragón
334,Me colé en una fiesta,Mecano
335,Él,Lucía
336,Bienvenidos,Miguel Ríos
337,Ebony and Ivory,Paul McCartney
338,Bailando,Alaska y Los Pegamoides
339,Me estoy volviendo loco,Azul y Negro
340,Que dolor,Raffaella Carrá
341,More than this,Roxy Music
342,Tú y yo,Emmanuel
343,Un toque de locura,"José Luís Rodríguez ""El Puma"""
344,Just an illusion,Imagination
345,Las leandras,Luís Cobos
346,Que tire la toalla,Leño
347,Felicidad,Al Bano y Romina Power
348,Dos enamorados,Pedro Marín
349,Hay que ver,Juan Pardo
350,Maquillaje,Mecano
351,No sucederá más,Claudia Mori
352,Eye of the tiger,Survivor
353,Love is in control (Finger on the trigger),Donna Summer
354,El blues del autobús,Miguel Ríos
355,Dueño de nada,"José Luís Rodríguez ""El Puma"""
356,Abrázame,Bertín Osborne
357,Por amor,José Luis Perales
358,No me vuelvo a enamorar,Julio Iglesias
359,Can't take my eyes off you,Boys Town Gang
360,No aguanto más,Luz Casal
361,Amor de hombre,Mocedades
362,It's raining again,Supertramp
363,Music and lights,Imagination
364,Bravo muchachos,Miguel Bosé
365,Tu cadena,Francisco
366,Devuélveme mi libertad,Camilo Sesto
367,Pass the dutchie,Musical Youth
368,Y ¿cómo es él?,José Luis Perales
369,The girl is mine,Michael Jackson
370,The night,Azul y Negro
371,"Mirror man (12"" extended version)",The Human League
372,Eres tú,Luz Casal
373,Lies,The Thompson Twins
374,El barón del bidé,La Trinca
375,All right,Christopher Cross
376,Desire,Future World Orchestra
377,Embrujada,Tino Casal
378,You are a danger,Gary Low
379,Por volverte a ver,Dyango
380,Genetic engineering,Orchestral Manoeuvres in the Dark (O.M.D.)
381,Un paso adelante,Emilio José
382,La noche no es para mí,Vídeo
383,Let's dance,David Bowie
384,Fame,Irene Cara
385,Baila comigo,Rita Lee
386,No tengo tiempo (Con los dedos de una mano),Azul y Negro
387,Mi mundo tú,Camilo Sesto
388,Last night a Dj saved my life,Indeep
389,El rock de una noche de verano,Miguel Ríos
390,Volveré,Chiquetete
391,Moonlight shadow,Mike Oldfield
392,Baby Jane,Rod Stewart
393,Every breath you take,The Police
394,She works hard for the money,Donna Summer
395,Cada loco con su tema,Joan Manuel Serrat
396,Mamma María,Ricchi e Poveri
397,Dolce vita,Ryan Paris
398,True,Spandau Ballet
399,La fiesta nacional,Mecano
400,No estás sola,Miguel Ríos
401,Maniac,Michael Sembello
402,Wrapped around your finger,The Police
403,The woman in you,Bee Gees
404,Scotland and the brave,The Royal Philharmonic Orchestra
405,Víctimas del desamor,Vídeo
406,Caballo de batalla,Juan Pardo
407,Quién piensa en ti,Gonzalo
408,Karma chameleon,Culture Club
409,Tiempo de amor,Danza Invisible
410,Se puede decir,Platino
411,Decídete,Luís Miguel
412,Undercover of the night,The Rolling Stones
413,Conspiración,Olé Olé
414,Transparente maniquí,RH+
415,Union of the snake,Duran Duran
416,Thriller,Michael Jackson
417,Vuelve,Gonzalo
418,Amor de mujer,Camilo Sesto
419,El pistolero,Pistones
420,París latino,Bandolero
421,Nobody told me,John Lennon
422,Obsesión,Platino
423,Radio Ga Ga,Queen
424,Eterna melodía,Bertín Osborne
425,Mangas cortas,Los Elegantes
426,No me puedes dejar así,Luís Miguel
427,Ali shuffle,Camaro's Gang
428,Running with the night,Lionel Richie
429,Adrenalina,Olé Olé
430,Lobo hombre en París,La Unión
431,El hombre lobo,Azul y Negro
432,Los ojos del gato,Luz Casal
433,"Lady, lady",Bravo
434,Pánico en el Edén,Tino Casal
435,Esta noche me quiero descolgar,Trúpita
436,Una de dos,Luis Eduardo Aute
437,Piel de terciopelo,Pato de Goma
438,Noches de San Juan,Bertín Osborne
439,Si tú los vieras,Los Pecos
440,Joanna,Kool and The Gang
441,Cerca de tí,Los Elegantes
442,One love / People get ready,Bob Marley & The Wailers
443,"La colegiala (12"" extended version)",Gary Low
444,Only when you leave,Spandau Ballet
445,State of shock,The Jacksons
446,Fotonovela (Chapter 1),Iván
447,Desidia,Objetivo Birmania
448,All of you,Julio Iglesias
449,Juegos de amor,Diseño
450,Send me an angel,Real Life
451,Susanna,The Art Company
452,Tentación,José Luis Perales
453,I just called to say I love you,Stevie Wonder
454,Blue jean,David Bowie
455,Esta cobardía,Chiquetete
456,Arturo,Cadillac
457,Sildavia,La Unión
458,Why?,Bronski Beat
459,Todo a pulmón,Miguel Ríos
460,Cómo pudiste hacerme esto a mí,Alaska y Dinarama
461,No te aguanto más,Objetivo Birmania
462,Voy a mil,Olé Olé
463,Tú no tienes corazón,Luís Miguel
464,Ninna,Juan Pardo
465,Arte moderno,La Mode
466,Amante bandido,Miguel Bosé
467,Lay your hands on me,The Thompson Twins
468,Fresh,Kool and The Gang
469,Just another night,Mick Jagger
470,Let's talk about me,The Alan Parsons Project
471,Ni tú ni nadie,Alaska y Dinarama
472,Cabaret,La Unión
473,¡Qué peligro tiene!,Juan Pardo
474,Números rojos,Azul y Negro
475,El africano,Georgie Dann
476,Tarzan boy,Baltimora
477,Material girl,Madonna
478,Baila,Iván
479,Estamos desesperados,Ramoncín
480,We are the world,USA for Africa
481,Agradecido,Rosendo
482,How much,Gary Low
483,Amanda,Paolo Salvatore
484,Camarero,Enrique del Pozo
485,A view to a kill,Duran Duran
486,If you love somebody set them free,Sting
487,Live is life,Opus
488,You can win If you want,Modern Talking
489,Baila para mí,Objetivo Birmania
490,Venezia,Hombres G
491,Angel,Madonna
492,There must be an angel (Playing with my heart),Eurythmics
493,The lady don't mind,Talking Heads
494,Part time lover,Stevie Wonder
495,We don't need another hero (Thunderdome),Tina Turner
496,Into the groove,Madonna
497,Dancing in the street,David Bowie
498,Breakthoven,Barón Rojo
499,Woody boogie,Baltimora
500,Una noche sin ti,Ana Curra
501,La Década en Río (Medley),La Década Prodigiosa
502,Alive and kicking,Simple Minds
503,Grité una noche,Nacha Pop
504,El sur también existe,Joan Manuel Serrat
505,Nikita,Elton John
506,Dejad que las niñas se acerquen a mí,Hombres G
507,Que te quiero,Katrina and The Waves
508,"Janey, don't you lose heart",Bruce Springsteen
509,Rufino,Luz Casal
510,El imperio contraataca,Los Nikis
511,That's what friends are for,Dionne Warwick
512,"Say you, say me",Lionel Richie
513,Lili Marlén,Olé Olé
514,West end girls,Pet Shop Boys
515,El tonto Simón,Radio Futura
516,"When the going gets tough, the tough get going",Billy Ocean
517,Si tú eres mi hombre y yo tu mujer,Jennifer Rush
518,Captain of her heart,Double
519,Al calor del amor en un bar,Gabinete Caligari
520,Love missile F1-11,Sigue Sigue Sputnik
521,Broken wings,Mr. Mister
522,Harlem shuffle,The Rolling Stones
523,Living in another world,Talk Talk
524,This is my life,Eartha Kitt
525,Marta tiene un marca pasos,Hombres G
526,La Puerta de Alcalá,Ana Belén
527,Bailando sin salir de casa,Olé Olé
528,Rock me Amadeus,Falco
529,A kind of magic,Queen
530,Te esperaré,Agustín Pantoja
531,El tomavistas,Paolo Salvatore
532,Nena,Miguel Bosé
533,Right between the eyes,Wax
534,"¡Ay, qué pesado!",Mecano
535,Dancing in Paris (Qué pasa),Angel
536,Hey! Mademoiselle!,Iván
537,Easy lady,Spagna
538,Atlantis is calling (S.O.S. for love),Modern Talking
539,Quiero beber hasta perder el control,Los Secretos
540,Through the barricades,Spandau Ballet
541,Notorious,Duran Duran
542,Max Mix 4,Varios
543,One love to give,Estefanía de Mónaco
544,Dos corazones y un destino,Bertín Osborne
545,Two people,Tina Turner
546,Me cuesta tanto olvidarte,Mecano
547,The final countdown,Europe
548,Suburbia,Pet Shop Boys
549,City lights,William Pitt
550,No puedo evitar (pensar en tí),Duncan Dhu
551,Walk like an egyptian,The Bangles
552,Shake you down,Gregory Abbott
553,Nothing's gonna stop us now,Starship
554,Como un susurro,Ramoncín
555,37 grados,Radio Futura
556,Call me,Spagna
557,The right thing,Simply Red
558,Running in the family,Level 42
559,With or without you,U2
560,The multimix,The Communards
561,Day in-day out,David Bowie
562,Yo tengo una mujer tremenda,Paolo Salvatore
563,Corazón de neón,Orquesta Mondragón
564,Contra el viento,Agustín Pantoja
565,Cuatro mexicanos,Cuentos Chinos
566,In the army now,Status Quo
567,Jardín de rosas,Duncan Dhu
568,Sola (con un desconocido),Olé Olé
569,Voyage voyage,Desireless
570,Cuerpos calientes,Ramoncín
571,América Latina,La Década Prodigiosa
572,Master Mix,Hombres G
573,Ellos las prefieren gordas,Orquesta Mondragón
574,Nothing's gonna stop me now,Samantha Fox
575,It's a sin,Pet Shop Boys
576,Max Mix 5 (1ª parte),Varios
577,"No, no, no...",Hombres G
578,Who's that girl?,Madonna
579,Balla... balla!,Francesco Napoli
580,Max Mix 5 (Parte 2),Varios
581,La bamba,Los Lobos
582,"Boys, Boys, Boys",Sabrina
583,Bad,Michael Jackson
584,Learning to fly,Pink Floyd
585,What have I done to deserve this?,Pet Shop Boys
586,Alien Divino,Germán Coppini
587,Never gonna give you up,Rick Astley
588,Brilliant disguise,Bruce Springsteen
589,La sangre de tu tristeza,Gabinete Caligari
590,Faith,George Michael
591,Is this love,Whitesnake
592,Unchain my heart,Joe Cocker
593,We'll be together,Sting
594,Fantástico amor,Eros Ramazzotti
595,Never can't say goodbye,The Communards
596,Balla... balla!,Francesco Napoli
597,Como un lobo,Miguel Bosé
598,Secretos,Olé Olé
599,En algún lugar,Duncan Dhu
600,Always on my mind,Pet Shop Boys
601,G.T.O.,Sinitta
602,Wonderful life,Black
603,Una fiesta especial,La Década Prodigiosa
604,Camino Soria,Gabinete Caligari
605,Serás mi cómplice,Cómplices
606,Sign your name,Terence Trent D'Arby
607,Father figure,George Michael
608,Flor de verano,Mango
609,Together forever,Rick Astley
610,A woman loves a man,Joe Cocker
611,Nutbush city limits,Tina Turner
612,Englishman in New York,Sting
613,Eloise,Tino Casal
614,Corazón infame,Miguel Bosé
615,Heart,Pet Shop Boys
616,Diálogo,Eros Ramazzotti
617,Una calle de París,Duncan Dhu
618,Gimme hope Jo'anna,Eddy Grant
619,Suite nupcial,Gabinete Caligari
620,My love,Julio Iglesias
621,¡Chas! Y aparezco a tu lado,Álex y Christina
622,Ya no danzo al son de los tambores,El Último de la Fila
623,Ayúdame (no soy un héroe),Ramoncín
624,La madre,Víctor Manuel
625,Si no te tengo a ti,Hombres G
626,No hay marcha en Nueva York,Mecano
627,Supernatural,Olé Olé
628,Yé ké yé ké,Mory Kanté
629,Perfect,Fairground Attraction
630,Be gentle,B.V.S.M.P.
631,The twist,The Fat Boys
632,Im nin' alu,Ofra Haza
633,Suéltate el pelo,Hombres G
634,Cross my heart,Eighth Wonder
635,Domino dancing,Pet Shop Boys
636,Desire,U2
637,Bad medicine,Bon Jovi
638,Asimbonanga,Johnny Clegg & Savuka
639,Nothing's gonna change my love for you,Glenn Medeiros
640,"Don't worry, be happy!",Bobby McFerrin
641,Vas a enloquecer,La Década Prodigiosa
642,Bajo la luz de la luna,Los Rebeldes
643,Entre tú y yo,El Norte
644,Por las noches,Los Ronaldos
645,Nada sin tí,Eros Ramazzotti
646,Teardrops,Womack and Womack
647,Left to my own devices,Pet Shop Boys
648,Take me to your Heart,Rick Astley
649,Baby don't forget my number,Milli Vanilli
650,Vivir al este del Edén,La Unión
651,A este lado de la carretera,Danza Invisible
652,Mujer contra mujer,Mecano
653,Adios papá,Los Ronaldos
654,She drives me crazy,Fine Young Cannibals
655,Quiero ser como tú,Rey Lui
656,Mil calles llevan hacia ti,La Guardia
657,Like a prayer,Madonna
658,You got it,Roy Orbison
659,Flor venenosa,Héroes del Silencio
660,The Pasadenas Medley: Tribute / Riding on a train,The Pasadenas
661,Help,Bananarama
662,Mi novio es un zombi,Alaska y Dinarama
663,Eternal flame,The Bangles
664,The sound of c,Confetti's
665,Más y más,La Unión
666,Lullaby,The Cure
667,Te dejé marchar,Luz Casal
668,The look,Roxette
669,I want it all,Queen
670,My brave face,Paul McCartney
671,Aquí no hay playa,The Refrescos
672,Cadillac solitario,Loquillo y Los Trogloditas
673,Good thing,Fine Young Cannibals
674,Batdance,Prince
675,"Chico, tienes que cuidarte",Hombres G
676,Acid Mix: Que díficil es hacer el amor en un Simca 1000 / ...,Los Inhumanos
677,I wanna dance (Quiero bailar),Orquesta Mondragón
678,Dançando Lambada,Kaoma
679,Loco Mía,Loco Mía
680,Los amigos de mis amigas son mis amigos,Objetivo Birmania
681,Toro mecánico,Dinamita pa' los Pollos
682,Maracaibo,La Unión
683,Losing my mind,Pet Shop Boys
684,Swing the mood,Jive Bunny and The Mastermixers
685,Mixed emotions,The Rolling Stones
686,Quiero un camión,Loquillo y Los Trogloditas
687,El souvenir,Álex y Christina
688,That's what I like,Jive Bunny and The Mastermixers
689,Cuélate en mi música,La Década Prodigiosa
690,Don't wanna lose you,Gloria Estefan
691,Voy a pasármelo bien,Hombres G
692,Solo se vive una vez,Gabinete Caligari
693,Another day in paradise,Phil Collins
694,I'm gonna miss you,Milli Vanilli
695,Right here waiting,Richard Marx
696,All around the world,Lisa Stansfield
697,Great balls of fire,Jerry Lee Lewis
698,Landslide of love,Transvision Vamp
699,Words,The Christians
700,I feel the earth move,Martika
701,Nacido para volar,La Frontera
702,No me importa nada,Luz Casal
703,Rozando la eternidad,Duncan Dhu
704,Can't  shake the feeling,Big Fun
705,Get up (before the night is over),Technotronic
706,You got it (the right stuff),New Kids on the Block
707,Nothing compares 2 U,Sinéad O'Connor
708,Enjoy the silence,Depeche Mode
709,Live together (New version),Lisa Stansfield
710,Cosas de la edad,Modestia Aparte
711,Veneno en la piel,Radio Futura
712,Vogue,Madonna
713,Mía,Los Rebeldes
714,Canta por mí,El Último de la Fila
715,No problem,Los Inhumanos
716,Si bastasen un par de canciones,Eros Ramazzotti
717,The power,Snap!
718,Soldados del amor,Olé Olé
719,La abuela,Wilfred y La Ganga
720,Beach Boys megamix,The Beach Boys
721,Ya no me engañas,Los Ronaldos
722,Corazón de tiza,Radio Futura
723,Step by step,New Kids on the Block
724,Es por tu amor,Modestia Aparte
725,Los chicos no lloran,Miguel Bosé
726,I can't stand it,Twenty 4 Seven
727,U can't touch this,MC Hammer
728,Rosa gris,Duncan Dhu
729,Sacrifice,Elton John
730,Ooops Up,Snap!
731,Praying for time,George Michael
732,Canciones lejanas,Eros Ramazzotti
733,Los tejados,Cómplices
734,Blaze of glory,Jon Bon Jovi
735,Suicide blonde,INXS
736,It must have been love,Roxette
737,Espaldas mojadas,Tam Tam Go!
738,Acércate y bésame,La Trampa
739,Fueron los celos,La Unión
740,I've been thinking about you,Londonbeat
741,I'm your baby tonight,Whitney Houston
742,You gotta love someone,Elton John
743,Have you seen her,MC Hammer
744,Entre dos tierras,Héroes del Silencio
745,Are you dreaming?,Twenty 4 Seven
746,Freedom! '90,George Michael
747,Rita,Hombres G
748,Sadeness,Enigma
749,"Ice, ice, baby",Vanilla Ice
750,Este payo (en castellano),Tam Tam Go!
751,Volver a casa,La Trampa
752,Innuendo,Queen
753,Ella es un volcán,La Unión
754,Gonna make you sweat (Everybody dance now),C+C Music Factory
755,All the man that I need,Whitney Houston
756,Coming out of the dark,Gloria Estefan
757,Maldito duende,Héroes del Silencio
758,Pray,MC Hammer
759,Cuidado con Paloma,Emilio Aragón
760,Gente impresentable,Celtas Cortos
761,The Grease megamix,John Travolta
762,Joyride,Roxette
763,¡Cómo te mueves!,Modestia Aparte
764,All together now,The Farm
765,Bailar pegados,Sergio Dalma
766,Llueve en mi corazón,Tennessee
767,Dámelo ya,La Unión
768,Let there be love,Simple Minds
769,Chiquilla,Seguridad Social
770,Loco vox,Loco Mía
771,El 7 de septiembre,Mecano
772,Palabras de fuego,La Frontera
773,Despertar,Héroes del Silencio
774,The one and only,Chesney Hawkes
775,El amoto,No me pises que llevo Chanclas
776,Gypsy woman (She's homeless),Crystal Waters
777,Mundo de cristal,Duncan Dhu
778,Hombres,Loquillo y Los Trogloditas
779,Shiny happy people,R.E.M.
780,You could be mine,Guns N' Roses
781,Galilea,Sergio Dalma
782,El peón del rey de negras,Mecano
783,(Everything I do) I do it for you,Bryan Adams
784,Calling Elvis,Dire Straits
785,Pisando fuerte,Alejandro Sanz
786,Nos queda la noche,El Golpe
787,Don't cry,Guns N' Roses
788,La casa azul,Duncan Dhu
789,Naturaleza muerta,Mecano
790,Y no amanece,Los Secretos
791,Something got me started,Simply Red
792,La deuda de la mentira,Danza Invisible
793,Cuando duermes,Cómplices
794,Black or white,Michael Jackson
795,Licencia para bailar,La Década Prodigiosa
796,El ritmo del mar,Celtas Cortos
797,La vida todavía,Eros Ramazzotti
798,Can't stop this thing we started,Bryan Adams
799,No son of mine,Genesis
800,Un pedazo de cielo,Luz Casal
801,Se le apagó la luz,Alejandro Sanz
802,Martika's kitchen,Martika
803,Dalai Lama,Mecano
804,Verdad que sería estupendo,Cómplices
805,Stars,Simply Red
806,Good night girl,Wet Wet Wet
807,Smells like teen spirit,Nirvana
808,Llovió,Presuntos Implicados
809,20 de abril,Celtas Cortos
810,El canto de la sirena,Los Limones
811,Remember the time,Michael Jackson
812,Bonito es,Los Sencillos
813,Piensa en mí,Luz Casal
814,One,U2
815,Lo que fui es lo que soy,Alejandro Sanz
816,Human touch,Bruce Springsteen
817,Amor fugaz,La Unión
818,María,Modestia Aparte
819,Ave Lucía,Sergio Dalma
820,Let's get rocked,Def Leppard
821,Better days,Bruce Springsteen
822,Cuéntame un cuento,Celtas Cortos
823,Al lado de ti,La Trampa
824,Por verte feliz,Terapia Nacional
825,Dame tu amistad,Tennessee
826,In the closet,Michael Jackson
827,Una rosa es una rosa,Mecano
828,The one,Elton John
829,Weather with you,Crowded House
830,Es por ti,Luz Casal
831,Historias de amor,OBK
832,Jam,Michael Jackson
833,La vida empieza hoy,Sergio Dalma
834,El fallo positivo,Mecano
835,Otro día más sin verte,Jon Secada
836,Ya está bien,Celtas Cortos
837,How do you do?,Roxette
838,Humpin' around,Bobby Brown
839,Juegos de amor,Cabaret Pop
840,Achy breaky heart,Billy Ray Cyrus
841,Erotica,Madonna
842,Mía,Platón
843,Drive,R.E.M.
844,A un minuto de ti,Mikel Erentxun
845,Heal the world,Michael Jackson
846,No ordinary love,Sade
847,Keep the faith,Bon Jovi
848,I will always love you,Whitney Houston
849,Baby don't cry,INXS
850,Piel sobre piel,Tam Tam Go!
851,No te rindas,La Trampa
852,Sólo por un día,Valera
853,Have you ever needed someone so bad,Def Leppard
854,El sitio de mi recreo,Antonio Vega
855,Rastros de tí,Cabaret Pop
856,Hope of deliverance,Paul McCartney
857,I feel you,Depeche Mode
858,El que canta su mal espanta,El Último de la Fila
859,If I ever lose my faith in you,Sting
860,Esta luz nunca se apagará,Mikel Erentxun
861,Bed of roses,Bon Jovi
862,Cosas de la vida,Eros Ramazzotti
863,Salomé,U2
864,De ley,Rosario
865,Si tú no vuelves,Miguel Bosé
866,Ordinary world,Duran Duran
867,Si tú me miras,Alejandro Sanz
868,Nuestros nombres,Héroes del Silencio
869,Livin' on the edge,Aerosmith
870,Your latest trick,Dire Straits
871,All that she wants,Ace of Base
872,Informer,Snow
873,Dicen...,OBK
874,Fields of gold,Sting
875,Amiga mala suerte,Los Secretos
876,Mi tierra,Gloria Estefan
877,Can't help falling in love,UB40
878,Sin documentos,Los Rodríguez
879,El hombre de negro,Loquillo y Los Trogloditas
880,Numb,U2
881,Quiero tener tu presencia,Seguridad Social
882,Ella,Viceversa
883,Como un burro amarrado en la puerta del baile,El Último de la Fila
884,Cantaloop (Flip fantasia),US3
885,What's up,4 Non Blondes
886,Otra como tu,Eros Ramazzotti
887,La herida,Héroes del Silencio
888,The river of dreams,Billy Joel
889,Tocar madera,Manolo Tena
890,Higher ground,UB40
891,El orden del mundo,Danza Invisible
892,Go west,Pet Shop Boys
893,Both sides of the story,Phil Collins
894,Cryin',Aerosmith
895,Boom! Shake the room,Jazzy Jeff and Fresh Prince
896,Un amigo de verdad,Viceversa
897,Me haces tanto bien,Amistades Peligrosas
898,Please forgive me,Bryan Adams
899,Tranquilo majete,Celtas Cortos
900,The gift,INXS
901,Ain't it fun,Guns N' Roses
902,Echar a volar,David Santisteban
903,Sólo para ti,Sergio Dalma
904,You owe it all to me,Texas
905,Demasiado corazón (Too much heart),Mink Deville
906,Dirty dawg,New Kids on the Block
907,Si es tan solo amor,Revólver
908,Te comería el corazón,Miguel Bosé
909,Amazing,Aerosmith
910,Streets of Philadelphia,Bruce Springsteen
911,Casi nunca bailais,Amistades Peligrosas
912,Breathe again,Toni Braxton
913,Madera de colleja,Celtas Cortos
914,La casa de los sueños,La Unión
915,Mr. Jones,Counting Crows
916,The most beautiful girl in the world,Prince
917,Take it back,Pink Floyd
918,You've got to live a little,Texas
919,Sleeping in my car,Roxette
920,Without you,Mariah Carey
921,Elixir de juventud,Antonio Vega
922,Dentro de ti,Revólver
923,"Baby, I love your way",Big Mountain
924,What do you want from me?,Pink Floyd
925,La soledad,Laura Pausini
926,Canario,No me pises que llevo Chanclas
927,Vivir sin aire,Maná
928,Señor Matanza,Mano Negra
929,Somos el futuro,Siete-7 Black
930,Capricornio,Duncan Dhu
931,Crazy,Aerosmith
932,Don't turn around,Ace of Base
933,Las palabras de amor,Presuntos Implicados
934,Love is strong,The Rolling Stones
935,I swear,All-4-One
936,Love is all around,Wet Wet Wet
937,Letitgo,Prince
938,Crash! boom! bang!,Roxette
939,Word up,Gun
940,Se fue,Laura Pausini
941,7 seconds,Neneh Cherry
942,Circle of life,Carmen Twillie
943,Always,Bon Jovi
944,Summer in the city,Joe Cocker
945,"What's the frequency, Kenneth?",R.E.M.
946,When we dance,Sting
947,Amores extraños,Laura Pausini
948,Estoy aquí,Rosario
949,About a girl,Nirvana
950,Amores extraños,Laura Pausini
951,"Hold me, thrill me, kiss me",Gloria Estefan
952,Take a bow,Madonna
953,Blind man,Aerosmith
954,Zombie,The Cranberries
955,Siete vidas,Antonio Flores
956,Bang and blame,R.E.M.
957,A conspiracy,The Black Crowes
958,Comerranas,Seguridad Social
959,Here comes the hotstepper,Ini Kamoze
960,Believe,Elton John
961,Murder incorporated,Bruce Springsteen
962,No more I love you's,Annie Lennox
963,Someday I'll be saturday night,Bon Jovi
964,No va más,Revólver
965,The man who sold the world,Nirvana
966,Ruido,Joaquín Sabina
967,Secret garden,Bruce Springsteen
968,A un perro flaco,Juan Perro
969,Back for good,Take That
970,La fuerza del corazón,Alejandro Sanz
971,Everlasting love,Gloria Estefan
972,Scatman,Scatman John
973,Scream,Michael Jackson
974,Have you ever really loved a woman?,Bryan Adams
975,This ain't a love song,Bon Jovi
976,Milonga del marinero y el capitán,Los Rodríguez
977,Mishale,Andru Donalds
978,Entre mis recuerdos,Luz Casal
979,Can't cry anymore,Sheryl Crow
980,Mi razón de ser,OBK
981,En la selva,Juan Perro
982,Mi soledad y yo,Alejandro Sanz
983,Scatman's world,Scatman John
984,Sin llaves,El Último de la Fila
985,Shy guy,Diana King
986,Iberia sumergida,Héroes del Silencio
987,Aquí no podemos hacerlo,Los Rodríguez
988,Rock and roll is dead,Lenny Kravitz
989,You are not alone,Michael Jackson
990,Besaré el suelo,Luz Casal
991,Something for the pain,Bon Jovi
992,Fairground,Simply Red
993,No despertaré,Sergio Dalma
994,Problema,Ketama
995,Las mentiras del viento,Manolo Tena
996,Más allá,Gloria Estefan
997,Heaven for everyone,Queen
998,Jesus to a child,George Michael
999,La chispa adecuada (Bendecida 3),Héroes del Silencio
1000,Lo eres todo,Luz Casal
1001,Earth song,Michael Jackson
1002,Exhale (shoop shoop),Whitney Houston
1003,Nirvana,El Bosco
1004,Verás  (You'll see),Madonna
1005,Wonderwall,Oasis
1006,Quiero morir en tu veneno,Alejandro Sanz
1007,Suelta las riendas de mi corazón,Mikel Erentxun
1008,Missing,Everything But The Girl
1009,The universal,Blur
1010,Flor de lis,Ketama
1011,Spaceman,Babylon Zoo
1012,How deep is your love,Bee Gees
1013,Children,Robert Miles
1014,Me quedaré solo,Amistades Peligrosas
1015,Negrita,La Unión
1016,Let your soul be your pilot,Sting
1017,Darling pretty,Mark Knopfler
1018,Fastlove,George Michael
1019,La cosa más bella,Eros Ramazzotti
1020,These days,Bon Jovi
1021,Reach,Gloria Estefan
1022,No nos podrán parar,Celtas Cortos
1023,Salvation,The Cranberries
1024,María,Ricky Martin
1025,Lemon tree,Fools Garden
1026,Mucho mejor,Los Rodríguez
1027,The only thing that looks good on me is you,Bryan Adams
1028,Until it sleeps,Metallica
1029,Contigo,Joaquín Sabina
1030,¡A sudar!,Danza Invisible
1031,El talismán,Rosana
1032,Ironic,Alanis Morissette
1033,Estrella gemela,Eros Ramazzotti
1034,Killing me softly,Fugees
1035,Lo echamos a suertes,Ella Baila Sola
1036,Dame,Luís Miguel
1037,Duro de pelar,Rebeca
1038,Spinning the wheel,George Michael
1039,El tacto de su piel,Lydia
1040,Woman,Neneh Cherry
1041,Dance into the light,Phil Collins
1042,Se a vida é (That's the way life is),Pet Shop Boys
1043,Inolvidable,Laura Pausini
1044,Wannabe,Spice Girls
1045,Vivimos siempre juntos,Nacho Cano
1046,Sunset boulevard,Javier Álvarez
1047,¡Qué bonito!,Rosario
1048,Child,Mark Owen
1049,La aurora,Eros Ramazzotti
1050,Mi enfermedad,Los Rodríguez
1051,Este mundo va,Miguel Bosé
1052,Cuando los sapos bailen flamenco,Ella Baila Sola
1053,Y sin embargo,Joaquín Sabina
1054,Salta!!!,Seguridad Social
1055,Don't speak,No Doubt
1056,Step by step,Whitney Houston
1057,Cosmic girl,Jamiroquai
1058,Beetlebum,Blur
1059,Las cosas que vives,Laura Pausini
1060,Say you will be there,Spice Girls
1061,Weather with you,Crowded House
1062,Don't cry for me Argentina,Madonna
1063,Barrel of a gun,Depeche Mode
1064,A tu lado,Rosario
1065,Discotheque,U2
1066,Quit playin' games,Backstreet Boys
1067,Say what you want,Texas
1068,Your woman,White Town
1069,Amores de barra,Ella Baila Sola
1070,Sweet kisses,Squeezer
1071,Si si... o si no,David Summers
1072,Moja mi corazón,Marta Sánchez
1073,Grande,Paolo Vallesi
1074,La suerte que viene y va,Nacho Cano
1075,Song 2,Blur
1076,The real thing,Lisa Stansfield
1077,Blood on the dance floor,Michael Jackson
1078,Garota nacional,Skank
1079,Frío sin tí,Navajita Plateá
1080,Mmmbop,Hanson
1081,Haz turismo,Celtas Cortos
1082,A contratiempo,Ana Torroja
1083,Staring at the sun,U2
1084,La flaca,Jarabe de Palo
1085,Laura no está,Nek
1086,Cantos de sirena,Inma Serrano
1087,I'll be missing you,P. Diddy
1088,Everybody (Backstreet's back),Backstreet Boys
1089,"Y, ¿si fuera ella?",Alejandro Sanz
1090,Serenade,Dover
1091,Bitch,Meredith Brooks
1092,Candle in the wind,Elton John
1093,Salomé,Bunbury
1094,Honey,Mariah Carey
1095,Loco,Andrés Calamaro
1096,Estatua de sal,Ketama
1097,Barbie girl,Aqua
1098,Anybody seen my baby?,The Rolling Stones
1099,Bitter sweet symphony,The Verve
1100,Todas las flores,Presuntos Implicados
1101,Corazón partío,Alejandro Sanz
1102,Only when I sleep,The Corrs
1103,As long as you love me,Backstreet Boys
1104,Raincloud,Lighthouse Family
1105,Nada que perder,Amistades Peligrosas
1106,Desátame,Mónica Naranjo
1107,Angel of mine,Eternal
1108,Acuarela,Seguridad Social
1109,Come into my life,Gala
1110,Together again,Janet Jackson
1111,Everything's gonna be alright,Sweetbox
1112,Flaca,Andrés Calamaro
1113,My heart will go on,Celine Dion
1114,Torn,Natalie Imbruglia
1115,De qué me sirve llorar,OBK
1116,Frozen,Madonna
1117,Quién se acuerda de ti,Mikel Erentxun
1118,La copa de la vida,Ricky Martin
1119,El club de los humildes,Mecano
1120,Never ever,All Saints
1121,High,Lighthouse Family
1122,Gettin' jiggy wit it,Will Smith
1123,Doctor Jones,Aqua
1124,Pájaros de barro,Manolo García
1125,Heaven's what I feel (Corazón prohibido),Gloria Estefan
1126,Gimme love,Alexia
1127,Save tonight,Eagle-Eye Cherry
1128,Out of control,The Rolling Stones
1129,What can I do?,The Corrs
1130,Gimme the power,Molotov
1131,Ponle sabor,DJ Kun
1132,Train,Undrop
1133,La bomba,Ricky Martin
1134,Happy world,Blue 4 U
1135,Why can't we be friends,Smash Mouth
1136,Horny,Mousse T.
1137,Life,Des'ree
1138,Carbón y ramas secas,Manolo García
1139,Oye,Gloria Estefan
1140,Depende,Jarabe de Palo
1141,I think I'm paranoid,Garbage
1142,Y quisiera,Ella Baila Sola
1143,Si sé que te tengo a ti,Nek
1144,Soñaré,La Oreja de Van Gogh
1145,Crush,Jennifer Paige
1146,Quiero vender mi pasado,La Rabia del Milenio
1147,On a day like today,Bryan Adams
1148,Thank you,Alanis Morissette
1149,Contigo,Rosana
1150,Outside,George Michael
1151,Believe,Cher
1152,Sweetest thing,U2
1153,When you believe,Whitney Houston
1154,"Ciega, sordomuda",Shakira
1155,Despídete,Ella Baila Sola
1156,Sad eyes,Bruce Springsteen
1157,Cuéntame al oído,La Oreja de Van Gogh
1158,Agua,Jarabe de Palo
1159,If you could read my mind,Stars on 54
1160,You gotta be,Des'ree
1161,When you're gone,Bryan Adams
1162,Can't  take my eyes off you,Lauryn Hill
1163,Big big world,Emilia
1164,It's not right but it's okay,Whitney Houston
1165,Happy birthday,Sunflowers
1166,So young,The Corrs
1167,Busindre reel,Hevia
1168,Maria,Blondie
1169,Wish I could fly,Roxette
1170,Strong enough,Cher
1171,Tender,Blur
1172,Promises,The Cranberries
1173,Pura sangre,Jarabe de Palo
1174,Salomé,Chayanne
1175,... baby one more time,Britney Spears
1176,Searchin' my soul,Vonda Shepard
1177,La última carta,Los Cucas
1178,Livin' la vida loca,Ricky Martin
1179,I want it that way,Backstreet Boys
1180,Te quiero igual,Andrés Calamaro
1181,Bailamos,Enrique Iglesias
1182,Canned heat,Jamiroquai
1183,Wait here,Deviot
1184,Blue (Da ba dee),Eiffel 65
1185,Livin' in jam,Blue 4 U
1186,Mambo nº 5 (A little bit of...),Lou Bega
1187,La Lola,Café Quijano
1188,Wild wild west,Will Smith
1189,"Santo, santo",So Pra Contrariar
1190,Manía,Babel Fish
1191,If you had my love,Jennifer López
1192,Sometimes,Britney Spears
1193,19 días y 500 noches,Joaquín Sabina
1194,Atrapados en la red,Tam Tam Go!
1195,La buena onda,Moneda Dura
1196,Miénteme,Ketama
1197,Mi confianza,Luz Casal
1198,Cherry Lee,Dover
1199,O tú ó ninguna,Luís Miguel
1200,Genie in a bottle,Christina Aguilera
1201,Heartbreaker,Mariah Carey
1202,Rhythm divine,Enrique Iglesias
1203,Gente distinta,Celtas Cortos
1204,Waiting for tonight,Jennifer López
1205,That's the way it is,Celine Dion
1206,You drive me crazy,Britney Spears
1207,Radio,The Corrs
1208,Move your body,Eiffel 65
1209,The best of me,Bryan Adams
1210,Sentir,Luz Casal
1211,Pasarán,Tam Tam Go!
1212,Sex bomb,Tom Jones
1213,Corazón espinado,Santana
1214,Llamando a la tierra,M-Clan
1215,Go let it out,Oasis
1216,Cartoon heroes,Aqua
1217,Quiero un camino,Melon Diesel
1218,What a girl wants,Christina Aguilera
1219,The bad touch,The Bloodhound Gang
1220,Despierta,Miranda Warning
1221,Charla del pescado,Juan Perro
1222,Sobreviviré,Mónica Naranjo
1223,Se me olvidó otra vez,Maná
1224,Tú sigue así,OBK
1225,Bye bye bye,'N SYNC
1226,Let's get loud,Jennifer López
1227,Entre el mar y una estrella,Thalía
1228,I will love again,Lara Fabián
1229,If only,Hanson
1230,It's my life,Bon Jovi
1231,Sueño su boca,Raúl
1232,No me dejes de querer,Gloria Estefan
1233,María María,Santana
1234,La bomba,King Africa
1235,Oops! i did it again,Britney Spears
1236,California,Mikel Erentxun
1237,Rayando el sol,Maná
1238,Ya no quiero tu querer,José El Francés
1239,El cielo no entiende,OBK
1240,Breathless,The Corrs
1241,Cuando nadie me ve,Alejandro Sanz
1242,El pozo de Arán,Carlos Núñez
1243,Music,Madonna
1244,Cuídate,La Oreja de Van Gogh
1245,Rock DJ,Robbie Williams
1246,Life is a rollercoaster,Ronan Keating
1247,San Pedro,Revólver
1248,Entre tú y mil mares,Laura Pausini
1249,Como Camarón,Estopa
1250,Beautiful day,U2
1251,Ven conmigo (Solamente tú),Christina Aguilera
1252,Shape of my heart,Backstreet Boys
1253,Fuego en el fuego,Eros Ramazzotti
1254,Quisiera ser,Alejandro Sanz
1255,París,La Oreja de Van Gogh
1256,She bangs,Ricky Martin
1257,Don't tell me,Madonna
1258,El salmón,Andrés Calamaro
1259,Original prankster,The Offspring
1260,¿Cómo repartimos los amigos?,Ella Baila Sola
1261,Amor se paga con amor,Jennifer López
1262,Stan,Dido
1263,Y sin embargo,Joaquín Sabina
1264,Cacho a cacho,Estopa
1265,Déjame,Los Secretos
1266,De vuelta y vuelta,Jarabe de Palo
1267,Walking away,Craig David
1268,Carolina,M-Clan
1269,Here with me,Dido
1270,Y yo sigo aqui,Paulina Rubio
1271,La playa,La Oreja de Van Gogh
1272,Estaciones,Antonio Vega
1273,El alma al aire,Alejandro Sanz
1274,Eres un canalla,El Canto del Loco
1275,The centre of the heart,Roxette
1276,Ruido,Joaquín Sabina
1277,No rompas mi corazón,Coyote Dax
1278,Dos días en la vida,Jarabe de Palo
1279,One wild night,Bon Jovi
1280,Yo quiero bailar,Sonia y Selena
1281,Nunca el tiempo es perdido,Manolo García
1282,Maggie despierta,M-Clan
1283,Imitation of life,R.E.M.
1284,Dile que la quiero,David Civera
1285,Me gustas tú,Manu Chao
1286,Prohibida,Raúl
1287,Out of reach,Gabrielle
1288,Nada de ná,Café Quijano
1289,Vive el verano,Paulina Rubio
1290,Angel,Shaggy
1291,Lady Marmalade,P!nk
1292,¡Ay! corazón,Las Hijas del Sol
1293,Little L,Jamiroquai
1294,Soledad,La Oreja de Van Gogh
1295,19-2000,Gorillaz
1296,Pretending,Him
1297,Toda,Malú
1298,Cómo quieres que te quiera,Rosario
1299,King George,Dover
1300,Analyse,The Cranberries
1301,Can't get you out of my head,Kylie Minogue
1302,Gente,Presuntos Implicados
1303,You rock my world,Michael Jackson
1304,Partiendo la pana,Estopa
1305,Suerte,Shakira
1306,Morenamía,Miguel Bosé
1307,Y sólo se me ocurre amarte,Alejandro Sanz
1308,Mi música es tu voz,Academia Operación Triunfo I
1309,Hoy,Rosana
1310,Fallin',Alicia Keys
1311,No sé qué me das,Fangoria
1312,Te dejo Madrid,Shakira
1313,La lista de la compra,La Cabra Mecánica
1314,Overprotected,Britney Spears
1315,A gritos de esperanza,Álex Ubago
1316,Sin ti no soy nada,Amaral
1317,Vino tinto,Estopa
1318,Baila (Sexy thing),Zucchero
1319,Son sueños,El Canto del Loco
1320,Moi... Lolita,Alizée
1321,Te esperaré,Antonio Orozco
1322,Lady Blue,Bunbury
1323,Torero,Chayanne
1324,A new day has come,Celine Dion
1325,Europe's living a celebration,Rosa
1326,Sin miedo a nada,Álex Ubago
1327,One day in your life,Anastacia
1328,Atrévete,Chenoa
1329,Te necesito,Amaral
1330,Ellas,Alejandro
1331,Ave María,David Bisbal
1332,Sigo intentando,Marta Sánchez
1333,A Dios le pido,Juanes
1334,Que la detengan,David Civera
1335,Aserejé,Las Ketchup
1336,A little less conversation,Elvis Presley
1337,El aire que me das,David Bustamante
1338,By the way,Red Hot Chili Peppers
1339,Cruel to be kind,Naim
1340,Lloraré las penas,David Bisbal
1341,Perdona,Tiziano Ferro
1342,Ángel de amor,Maná
1343,Cuando tú vas,Chenoa
1344,Chihuahua,DJ Bobo
1345,Soy yo,Marta Sánchez
1346,The rising,Bruce Springsteen
1347,Toda la noche en la calle,Amaral
1348,Chica de ayer,Enrique Iglesias
1349,Antihéroe,M-Clan
1350,Baila Casanova,Paulina Rubio
1351,All the things she said,t.A.T.u.
1352,Complicated,Avril Lavigne
1353,Es por ti,Juanes
1354,No te rindas,Álex Ubago
1355,Dígale,David Bisbal
1356,Dos hombres y un destino,David Bustamante
1357,69 Punto G,Joaquín Sabina
1358,Electrical storm,U2
1359,La fuerza de la vida (La razon para luchar),Academia Operación Triunfo II
1360,I'm gonna getcha good,Shania Twain
1361,Morenita,UPA Dance
1362,The game of love,Santana
1363,Feel,Robbie Williams
1364,Jenny from the block,Jennifer López
1365,Color esperanza,Diego Torres
1366,Lose yourself,Eminem
1367,Dilemma,Nelly
1368,Sk8er boi,Avril Lavigne
1369,No me llames iluso,La Cabra Mecánica
1370,Devuélveme a mi chica,Seguridad Social
1371,Déjame olvidarte,Sergio Dalma
1372,Sámbame 2003,UPA Dance
1373,Díme,Beth
1374,Bring me to life,Evanescence
1375,Devuélveme la vida,Antonio Orozco
1376,Cada vez que estoy sin ti,David DeMaría
1377,Lucifer,OBK
1378,American life,Madonna
1379,Puedes contar conmigo,La Oreja de Van Gogh
1380,Bonito,Jarabe de Palo
1381,Jaleo,Ricky Martin
1382,No te escaparás,Hombres G
1383,Que corra el aire,Manuel Carrasco
1384,La madre de José,El Canto del Loco
1385,Una emoción para siempre,Eros Ramazzotti
1386,Bye bye,David Civera
1387,Son de amores,Andy & Lucas
1388,Ojú,Las Niñas
1389,Parando el tiempo,Beth
1390,Crazy in love,Beyoncé
1391,20 de enero,La Oreja de Van Gogh
1392,1 más 1 son 7,Fran Perea
1393,No es lo mismo,Alejandro Sanz
1394,Down,Junior Miguez
1395,El viaje,Antonio Orozco
1396,Yin yang,Jarabe de Palo
1397,Going under,Evanescence
1398,Rosas y espinas,David Bisbal
1399,¡Grita!,Vega
1400,Te necesito,Luís Miguel
1401,Tanto la quería,Andy & Lucas
1402,White flag,Dido
1403,Rosas,La Oreja de Van Gogh
1404,En tu cruz me clavaste,Chenoa
1405,Bad day,R.E.M.
1406,La esencia de tu voz,Rosa
1407,Mi corazón,Fran Perea
1408,Aunque no te pueda ver,Álex Ubago
1409,Tequila,Café Quijano
1410,Me against the music,Britney Spears
1411,Devuélveme el aire,David Bustamante
1412,La costa del silencio,Mago de Oz
1413,Y en tu ventana,Andy & Lucas
1414,Bulería,David Bisbal
1415,Shut up,The Black Eyed Peas
1416,Ya nada volverá a ser como antes,El Canto del Loco
1417,Olvídate de mí,Iguana Tango
1418,In the shadows,The Rasmus
1419,Tardes negras,Tiziano Ferro
1420,Abre tu mente,Merche
1421,"Me, myself and I",Beyoncé
1422,Fuente de energía,Estopa
1423,Hey ya!,Outkast
1424,Te quise tanto,Paulina Rubio
1425,Dragostea din tei,O-Zone
1426,Left outside alone,Anastacia
1427,Retorciendo palabras,Fangoria
1428,Insoportable,El Canto del Loco
1429,Malo,Bebe
1430,Oye el boom,David Bisbal
1431,Duele el amor,Aleks Syntek
1432,Quiero ser,Antonio Orozco
1433,Obsesión,Aventura
1434,Hablando en plata,Melendi
1435,Summer sunshine,The Corrs
1436,Cuanto antes,Álex Ubago
1437,Mariacaipirinha,Carlinhos Brown
1438,Pastillas de freno,Estopa
1439,Dale don dale,Don Omar
1440,Sick and tired,Anastacia
1441,Miro la vida pasar,Fangoria
1442,Camina y ven,David Bisbal
1443,Valió la pena,Marc Anthony
1444,Con la luna llena,Melendi
1445,Para que no se duerman mis sentidos,Manolo García
1446,Precisamente ahora,David DeMaría
1447,Ella,Bebe
1448,Nada valgo sin tu amor,Juanes
1449,Everybody's changing,Keane
1450,Vertigo,U2
1451,¿Por qué no ser amigos?,Hombres G
1452,Escucha atento,Laura Pausini
1453,Sopa fría,M-Clan
1454,Nada valgo sin tu amor,Juanes
1455,Vertigo,U2
1456,Es mi soledad,Antonio Orozco
1457,She will be loved,Maroon 5
1458,Let me show you (The way),Natasha Thomas
1459,Missing,Evanescence
1460,Volverte a ver,Juanes
1461,Nunca volverá,El Sueño de Morfeo
1462,El universo sobre mí,Amaral
1463,Stand my ground,Within Temptation
1464,La camisa negra,Juanes
1465,Caminando por la vida,Melendi
1466,La tortura,Shakira
1467,Zapatillas,El Canto del Loco
1468,Nada fue un error,Coti
1469,Días de verano,Amaral
1470,Don't phunk with my heart,The Black Eyed Peas
1471,Con sólo una sonrisa,Melendi
1472,Have a nice day,Bon Jovi
1473,Pokito a poko,Chambao
1474,You're beautiful,James Blunt
1475,No me crees,Efecto Mariposa
1476,Welcome to my life,Simple Plan
1477,No,Shakira
1478,Hung up,Madonna
1479,Antes que ver el sol,Coti
1480,Hung up,Madonna
1481,Volverá,El Canto del Loco
1482,"Marta, Sebas, Guille y los demás",Amaral
1483,Rutinas,Chenoa
1484,Sorry,Madonna
1485,Déjame verte,Diego Martín
1486,Hips don't lie,Shakira
1487,Muñeca de trapo,La Oreja de Van Gogh
1488,One,Mary J. Blige
1489,Besos,El Canto del Loco
1490,Me voy,Julieta Venegas
1491,Todo,Pereza
1492,Resurrección,Amaral
1493,Satellites,September
1494,Malabares,Estopa
1495,Nothing else matters,Lucie Silvas
1496,Labios compartidos,Maná
1497,Dulce locura,La Oreja de Van Gogh
1498,En qué estrella estará,Nena Daconte
1499,Let me out,Dover
1500,Por la boca vive el pez,Fito & Fitipaldis
1501,Te busqué,Nelly Furtado
1502,La pared,Shakira
1503,La pared,Shakira
1504,En qué estrella estará,Nena Daconte
1505,Silencio,David Bisbal
1506,Lucky,Lucky Twice
1507,Te entiendo,Pignoise
1508,"Te lo agradezco, pero no",Alejandro Sanz
1509,Patience,Take That
1510,Las de la intuición,Shakira
1511,En mi lado del sofá,La Oreja de Van Gogh
1512,Do ya,Dover
1513,Manda una señal,Maná
1514,Me muero,La Quinta Estación
1515,Unwritten,Natasha Bedingfield
1516,How to save a life,The Fray
1517,All good things (Come to an end),Nelly Furtado
1518,Chasing cars,Snow Patrol
1519,Grace Kelly,Mika
1520,Calle la Pantomima,Melendi
1521,When the stars go blue,The Corrs
1522,Umbrella,Rihanna
1523,Monsoon,Tokio Hotel
1524,Nada que perder,Conchita
1525,Me enamora,Juanes
1526,Todo irá bien,Chenoa
1527,Ojala pudiera borrarte,Maná
1528,No one,Alicia Keys
1529,Sueños rotos,La Quinta Estación
1530,Papeles mojados,Chambao
1531,Estrella polar,Pereza
1532,Don't stop the music,Rihanna
1533,Cuando me vaya,Melocos
1534,Say it right,Nelly Furtado
1535,Rehab,Amy Winehouse
1536,Como un lobo,Miguel Bosé
1537,¡Eres tonto!,El Canto del Loco
1538,Cuando amanece,Estopa
1539,Apologize,OneRepublic
1540,Kamikaze,Amaral
1541,Gotas de agua dulce,Juanes
1542,Bleeding love,Leona Lewis
1543,Beautiful girls,Sean Kingston
1544,Mercy,Duffy
1545,Ella elle l'a,Kate Ryan
1546,Rise up,Yves Larock
1547,El último vals,La Oreja de Van Gogh
1548,No dudaría,Rosario
1549,Pretendo hablarte,Beatriz Luengo
1550,Un violinista en tu tejado,Melendi
1551,Tenía tanto que darte,Nena Daconte
1552,Peter Pan,El Canto del Loco
1553,I kissed a girl,Katy Perry
1554,Viva la vida,Coldplay
1555,Quiero ser,Amaia Montero
1556,Quiero ser,Amaia Montero
1557,If I were a boy,Beyoncé
1558,Hemicraneal,Estopa
1559,Beggin,Madcon
1560,Peter Pan,El Canto del Loco
1561,Disturbia,Rihanna
1562,Colgando en tus manos,Carlos Baute
1563,Que te quería,La Quinta Estación
1564,This is the life,Amy MacDonald
1565,The boy does nothing,Alesha Dixon
1566,Just dance,Lady GaGa
1567,Human,The Killers
1568,Infinity 2008,Guru Josh Project
1569,Hot n cold,Katy Perry
1570,Estoy enfermo,Pignoise
1571,I'm yours,Jason Mraz
1572,Poker face,Lady GaGa
1573,Moving,Macaco
1574,Halo,Beyoncé
1575,Summercat,Billie The Vision & the Dancers
1576,When love takes over,David Guetta
1577,I gotta feeling,The Black Eyed Peas
1578,Por quererte,Efecto Mariposa
1579,Manos al aire,Nelly Furtado
1580,Antes de que cuente diez,Fito & Fitipaldis
1581,Looking for paradise,Alejandro Sanz
1582,Ayo technology,Milow
1583,Esclavo de sus besos,David Bisbal
1584,Happy,Leona Lewis
1585,Russian roulette,Rihanna
1586,Que nadie,Manuel Carrasco
1587,Bad romance,Lady GaGa
1588,Desde cuando,Alejandro Sanz
1589,Quiero aprender de ti,El Canto del Loco
1590,El run run,Estopa
1591,Tik tok,Ke$ha
1592,Meet me halfway,The Black Eyed Peas
1593,Stereo love,Edward Maya
1594,Cosas que suenan a...,Maldita Nerea
1595,Sexy bitch,David Guetta
1596,Sick of love,Robert Ramírez
1597,Telephone,Lady GaGa
1598,Waka waka (Esto es África),Shakira
1599,Wavin' flag (Versión latina),K'naan
1600,Alejandro,Lady GaGa
1601,Break your heart,Taio Cruz
1602,Club can't handle me,Flo Rida
1603,El secreto de las tortugas,Maldita Nerea
1604,Love the way you lie,Eminem
1605,Only girl (In the world),Rihanna
1606,Loca,Shakira
1607,Cry cry,Oceana
1608,Loca,Shakira
1609,Barbie de extrarradio,Melendi
1610,Love the way you lie,Eminem
1611,The time (Dirty bit),The Black Eyed Peas
1612,Hold my hand,Michael Jackson
1613,Who's that chick?,David Guetta
1614,Tonight (I'm lovin' you),Enrique Iglesias
1615,Tú mirada me hace grande,Maldita Nerea
1616,Blanco y negro,Malú
1617,Born this way,Lady GaGa
1618,On the floor,Jennifer López
1619,Lead the way,Carlos Jean
1620,Mr. Saxobeat,Alexandra Stan
1621,S&M,Rihanna
1622,Give me everything,Pitbull
1623,Party rock anthem,LMFAO
1624,Where them girls at,David Guetta
1625,Till the world ends,Britney Spears
1626,Bailando por ahí,Juan Magán
1627,Gimme the base (DJ),Carlos Jean
1628,Danza Kuduro,Don Omar
1629,La niña que llora en tus fiestas,La Oreja de Van Gogh
1630,Moves like Jagger,Maroon 5
1631,Rain over me,Pitbull
1632,I wanna go,Britney Spears
1633,¿No podíamos ser agua?,Maldita Nerea
1634,We found love,Rihanna
1635,Titanium,David Guetta
1636,Someone like you,Adele
1637,Someone like you,Adele
1638,Ai se eu te pego,Michel Teló
1639,Got 2 luv u,Sean Paul
1640,Cometas por el cielo,La Oreja de Van Gogh
1641,Good feeling,Flo Rida
1642,Stereo hearts,Gym Class Heroes
1643,Hangover,Taio Cruz
1644,International love,Pitbull
1645,Yo te esperaré,Cali & El Dandee
1646,Te he echado de menos,Pablo Alborán
1647,Stronger (What doesn't kill you),Kelly Clarkson
1648,Boys will be boys,Paulina Rubio
1649,Somebody that I used to know,Gotye
1650,Euphoria,Loreen
1651,No hay 2 sin 3 (Gol),Cali & El Dandee
1652,Call me maybe,Carly Rae Jepsen
1653,Payphone,Maroon 5
1654,Dance again,Jennifer López
1655,Tacatá,Tacabro
1656,Rayos de sol,Jose de Rico & Henry Méndez
1657,We are young,Fun.
1658,Drive by,Train
1659,Whistle,Flo Rida
1660,Pan y mantequilla,Efecto Pasillo
1661,Te voy a esperar,Juan Magán
1662,Se vende,Alejandro Sanz
1663,Tanto,Pablo Alborán
1664,Set fire to the rain,Adele
1665,Diamonds,Rihanna
1666,This is love,Will.I.Am
1667,Gangnam style,PSY
1668,Gangnam style,PSY
1669,We are never ever getting back together,Taylor Swift
1670,Girl on fire,Alicia Keys
1671,Mi marciana,Alejandro Sanz
1672,Locked out of heaven,Bruno Mars
1673,Don't you worry child,Swedish House Mafia
1674,Lágrimas desordenadas,Melendi
1675,Scream & shout,Will.I.Am
1676,Try,P!nk
1677,Hall of fame,The Script
1678,Feel this moment,Pitbull
1679,No importa que llueva,Efecto Pasillo
1680,Ho hey,The Lumineers
1681,Tu jardín con enanitos,Melendi
1682,Impossible,James Arthur
1683,Heartbreaker,Auryn
1684,Thrift shop,Macklemore
1685,Get lucky,Daft Punk
1686,I could be the one,Avicii
1687,Let her go,Passenger
1688,More than friends,Inna
1689,Cero,Dani Martín
1690,Blurred lines,Robin Thicke
1691,I love it,Icona Pop
1692,Wake me up!,Avicii
1693,La la la,Naughty Boy
1694,We can't stop,Miley Cyrus
1695,Can't hold us,Macklemore
1696,Love me again,John Newman
1697,Roar,Katy Perry
1698,Wrecking ball,Miley Cyrus
1699,Burn,Ellie Goulding
1700,Counting stars,OneRepublic
1701,Story of my life,One Direction
1702,Timber,Pitbull
1703,A prueba de ti,Malú
1704,Timber,Pitbull
1705,The monster,Eminem
1706,Talk dirty,Jason Derülo
1707,Hey brother,Avicii
1708,Llegará,Antonio Orozco
1709,Royals,Lorde
1710,Happy,Pharrell Williams
1711,Can't remember to forget you,Shakira
1712,Diez mil maneras,David Bisbal
1713,Terriblemente cruel,Leiva
1714,Dark horse,Katy Perry
1715,Wings,Birdy
1716,Changes,FAUL
1717,Trumpets,Jason Derülo
1718,Bailando (English version),Enrique Iglesias
1719,Dare (La la la),Shakira
1720,We are one (Ole ola),Pitbull
1721,All of me,John Legend
1722,Human,Christina Perri
1723,Cola song,Inna
1724,Stolen dance,Milky Chance
1725,No amanece,David Bisbal
1726,Summer,Calvin Harris
1727,Am I wrong,Nico & Vinz
1728,Waves,Mr. Probz
1729,Problem,Ariana Grande
1730,Lovers on the sun,David Guetta
1731,Wiggle,Jason Derülo
1732,Rude,MAGIC!
1733,Puppeteer,Auryn
1734,Prayer in C,Lilly Wood & The Prick
1735,All about that bass,Meghan Trainor
1736,Chandelier,Sia
1737,Shake it off,Taylor Swift
1738,Blame,Calvin Harris;John Newman
1739,Dangerous,David Guetta;Sam Martin
1740,Tocado y hundido,Melendi
1741,Stay with me,Sam Smith
1742,People help the people,Birdy
1743,Tocado y hundido,Melendi
1744,Uptown funk,Mark Ronson;Bruno Mars
1745,Thinking out loud,Ed Sheeran
1746,Animals,Maroon 5
1747,Take me to church,Hozier
1748,Love me like you do,Ellie Goulding
1749,Outside,Calvin Harris;Ellie Goulding
1750,Elastic heart,Sia
1751,The nights,Avicii
1752,Fourfiveseconds,Rihanna;Kanye West;Paul McCartney
1753,I'm an Albatraoz,AronChupa
1754,Un zombie a la intemperie,Alejandro Sanz
1755,Cheerleader,OMI;Felix Jaehn
1756,El perdón,Nicky Jam;Enrique Iglesias
1757,See you again,Wiz Khalifa;Charlie Puth
1758,Lean on,DJ Snake;Major Lazer;MØ
1759,Want to want me,Jason Derülo
1760,Él no te da,Dasoul
1761,Are you with me,Lost Frequencies
1762,Heroes,Måns Zelmerlöw
1763,Five more hours,Chris Brown;Deorro
1764,I really like you,Carly Rae Jepsen
1765,Hey mama (Extended remix),David Guetta;Afrojack;Bebe Rexha;Nicki Minaj
1766,La gozadera,Gente de Zona;Marc Anthony
1767,Don't worry,Madcon;Ray Dalton
1768,"I don't like it, i love it",Flo Rida;Robin Thicke;Verdine White
1769,Stole the show,Kygo;Parson James
1770,Ain't nobody (Loves me better),Felix Jaehn;Jasmine Thompson
1771,A que no me dejas,Alejandro Sanz
1772,Vuelve,Juan Magán;DCS;Paulina Rubio
1773,Marvin Gaye,Charlie Puth;Meghan Trainor
1774,What do you mean?,Justin Bieber
1775,Hello,Adele
1776,Locked away,R. City;Adam Levine
1777,El mismo sol (Under the same sun) (Spanglish version),Álvaro Soler;Jennifer López
1778,Sorry,Justin Bieber
1779,Ginza,J Balvin
1780,Sorry,Justin Bieber
1781,Adventure of a lifetime,Coldplay
1782,Tu enemigo,Pablo López;Juanes
1783,Hundred miles,YALL;Gabriela Richardson
1784,Stitches,Shawn Mendes
1785,Love yourself,Justin Bieber
1786,Light it up,Major Lazer;Fuse ODG;NYLA
1787,Work,Rihanna;Drake
1788,Lush life,Zara Larsson
1789,Faded,Alan Walker;Iselin Solheim
1790,7 Years,Lukas Graham
1791,Catch & release,Matt Simons;Deepend
1792,Stressed out,Twenty One Pilots
1793,Cheap thrills,Sia;Sean Paul
1794,Duele el corazón,Enrique Iglesias;Wisin
1795,No,Meghan Trainor
1796,I took a pill in Ibiza (Explicit version),Mike Posner;SeeB
1797,One dance,Drake;Kyla;WizKid
1798,Can't stop the feeling,Justin Timberlake
1799,Ain't your mama,Jennifer López
1800,Don't let me down,The Chainsmokers;Daya
1801,Cómo te atreves,Morat
1802,This girl,Kungs;Cookin' On 3 Burners
1803,La bicicleta,Carlos Vives;Shakira
1804,Cold water,Major Lazer;Justin Bieber;MØ
1805,We don't talk anymore,Charlie Puth;Selena Gomez
1806,Closer,The Chainsmokers;Halsey
1807,Ride,Twenty One Pilots
1808,Let me love you,DJ Snake;Justin Bieber
1809,Borro cassette,Maluma
1810,24k magic,Bruno Mars
1811,Sincericidio,Leiva
1812,Safari,J Balvin;BIA;Pharrell Williams;Sky Rompiendo El Bajo
1813,The greatest,Sia;Kendrick Lamar
1814,Heathens,Twenty One Pilots
1815,Lost on you,LP
1816,Starboy,The Weeknd;Daft Punk
1817,Chantaje,Shakira;Maluma
1818,Rockabye,Clean Bandit;Anne-Marie;Sean Paul
1819,Human,Rag'n'Bone Man
1820,Shape of you,Ed Sheeran
1821,Despacito,Luis Fonsi;Daddy Yankee
1822,La lluvia en los zapatos,Leiva
1823,Sexual,Neiked;Dyo
1824,I feel it coming,The Weeknd;Daft Punk
1825,Chained to the rhythm,Katy Perry;Skip Marley
1826,Súbeme la radio,Enrique Iglesias;Descemer Bueno;Zion & Lennox
1827,Something just like this,The Chainsmokers;Coldplay
1828,It ain't me,Kygo;Selena Gomez
1829,Despacito,Luis Fonsi;Daddy Yankee;Justin Bieber
1830,You don't know me,Jax Jones;Raye
1831,Way down we go,Kaleo
1832,Me enamoré,Shakira
1833,Hey ma (Spanish version),J Balvin;Pitbull;Camila Cabello
1834,Felices los 4,Maluma
1835,Swalla,Jason Derülo;Nicki Minaj;Ty Dolla $ign
1836,Sign of the times,Harry Styles
1837,Issues,Julia Michaels
1838,Malibu,Miley Cyrus
1839,Solo si es contigo,Bombai;Bebe
1840,Attention,Charlie Puth
1841,"Yo contigo, tú conmigo (The gong gong song)",Morat;Álvaro Soler
1842,Mi gente,J Balvin;Willy William
1843,Wild thoughts,DJ Khaled;Bryson Tiller;Rihanna
1844,Feels,Calvin Harris;Big Sean;Katy Perry;Pharrell Williams
1845,Me rehúso,Danny Ocean
1846,Ok,Robin Schulz;James Blunt
1847,Breaking bad,Leiva
1848,Galway girl,Ed Sheeran
1849,No vaya a ser,Pablo Alborán
1850,What about us,P!nk
1851,Look what you made me do,Taylor Swift
1852,You're the best thing about me,U2
1853,Feel it still,Portugal. The Man
1854,Havana,Camila Cabello;Young Thug
1855,New rules,Dua Lipa
1856,Dusk till dawn,Zayn Malik;Sia
1857,Perfect,Ed Sheeran
1858,Échame la culpa,Luis Fonsi;Demi Lovato
1859,Échame la culpa,Luis Fonsi;Demi Lovato
1860,What lovers do,Maroon 5;SZA
1861,Perfect duet,Ed Sheeran;Beyoncé
1862,Besos en guerra,Morat;Juanes
1863,Havana,Camila Cabello;Young Thug
1864,La llamada,Leiva
1865,Cola,CamelPhat;Elderbrook
1866,Wolves,Selena Gomez;marshmello
1867,El patio,Pablo López
1868,How long,Charlie Puth
1869,Corazón,Maluma;Nego do Borel
1870,Déjate llevar,Juan Magán;B-Case;Belinda;Manuel Turizo;Snova
1871,Downtown,Anitta;J Balvin
1872,Lo malo,Aitana Ocaña;Ana Guerra
1873,For you,Liam Payne;Rita Ora
1874,X,Nicky Jam;J Balvin
1875,Spinning over you,REYKO
1876,Never be the same,Camila Cabello
1877,These days,Rudimental;Dan Caplen;Jess Glynne;Macklemore
1878,Friends,Anne-Marie;marshmello
1879,La cintura,Álvaro Soler
1880,One kiss,Calvin Harris;Dua Lipa
1881,A partir de hoy,David Bisbal;Sebastián Yatra
1882,"1, 2, 3",Sofía Reyes;De la Ghetto;Jason Derülo
1883,Flames,David Guetta;Sia
1884,Leave a light on,Tom Walker
1885,Solo,Clean Bandit;Demi Lovato
1886,Déjala que baile,Melendi;Alejandro Sanz;Arkano
1887,Fuego,Eleni Foureira
1888,Ni la hora,Ana Guerra;Juan Magán
1889,Girls like you,Maroon 5;Cardi B
1890,Teléfono,Aitana
1891,Él no soy yo,Blas Cantó
1892,Qué tienes tú,Dvicio;Mau y Ricky;Reik
1893,Cuando nadie ve,Morat
1894,Lo siento,Beret
1895,Promises,Calvin Harris;Sam Smith
1896,Ya no quiero ná,Lola Índigo
1897,Cuando nadie ve,Morat
1898,Promises,Calvin Harris;Sam Smith
1899,Kiss and make up,Dua Lipa;Black Pink
1900,Shotgun,George Ezra
1901,Perdón,David Bisbal;Greeicy
1902,Lo siento,Beret
1903,Vas a quedarte,Aitana
1904,Sweet but psycho,Ava Max
1905,Love someone,Lukas Graham
1906,Nothing breaks like a heart,Mark Ronson;Miley Cyrus
1907,Mujer bruja,Lola Índigo;Mala Rodríguez
1908,Say my name,Bebe Rexha;David Guetta;J Balvin
1909,Bajito,Ana Guerra
1910,High hopes,Panic! at the Disco
1911,5 sentidos,Dvicio;Taburete
1912,I don't care,Ed Sheeran;Justin Bieber
1913,Sucker,Jonas Brothers
1914,Mi persona favorita,Alejandro Sanz;Camila Cabello
1915,Presiento,Aitana;Morat
1916,Calma (Alicia remix),Alicia Keys;Farruko;Pedro Capó
1917,Fading,Alle Farben;ILIRA
1918,Don't call me up,Mabel
1919,Con calma,Daddy Yankee;Snow
1920,Vuela (Beach pop),Bombai
1921,Contando lunares,Don Patricio;Cruz Cafuné
1922,Señorita,Camila Cabello;Shawn Mendes
1923,Someone you loved,Lewis Capaldi;Madism
1924,Yo x ti tú x mí,Ozuna;Rosalía
1925,Qué bonito es querer,Manuel Carrasco
1926,Old town road,Lil Nas X;Billy Ray Cyrus
1927,Atrévete,Nicky Jam;Sech
1928,Superpoderes,Leiva
1929,So am I,Ava Max
1930,Dance monkey,Tones and I
1931,Only human,Jonas Brothers
1932,Indeciso,J Balvin;Lalo Ebratt;Reik
1933,Me quedo,Aitana;Lola Índigo
1934,Memories,Maroon 5
